"0","filepath1 <- ""06_oh13-22_lines_imp.vcf.gz"""
"0","x1 <- read.vcfR(filepath1)  # using read.vcfR function to read in vcf file"
"1","Scanning file to determine attributes."
"1","
"
"1","File attributes:"
"1","
"
"1","  meta lines: 8"
"1","
"
"1","  header_line: 9"
"1","
"
"1","  variant count: 3452"
"1","
"
"1","  column count: 4832"
"1","
"
"1","Meta line "
"1","8"
"1"," read in."
"1","
All meta lines processed.
"
"1","gt matrix initialized."
"1","
"
"1","Character matrix gt created.
"
"1","  Character matrix gt rows: "
"1","3452"
"1","
"
"1","  Character matrix gt cols: "
"1","4832"
"1","
"
"1","  skip: "
"1","0"
"1","
"
"1","  nrows: "
"1","3452"
"1","
"
"1","  row_num: "
"1","0"
"1","
"
"1","Processed variant "
"1","1000"
"1","Processed variant "
"1","2000"
"1","Processed variant "
"1","3000"
"1","Processed variant: "
"1","3452"
"1","
All variants processed
"
"0","#x2 <- as.matrix(x1)"
"0","head(x1)"
"1","[1]"
"1"," ""***** Object of class 'vcfR' *****"""
"1","
"
"1","[1]"
"1"," ""***** Meta section *****"""
"1","
"
"1","[1]"
"1"," ""##fileformat=VCFv4.2"""
"1","
"
"1","[1]"
"1"," ""##filedate=20231025"""
"1","
"
"1","[1]"
"1"," ""##source=\""beagle.22Jul22.46e.jar\"""""
"1","
"
"1","[1]"
"1"," ""##INFO=<ID=AF,Number=A,Type=Float,Description=\""Estimated ALT Allele  [Truncated]"""
"1","
"
"1","[1]"
"1"," ""##INFO=<ID=DR2,Number=A,Type=Float,Description=\""Dosage R-Squared: es [Truncated]"""
"1","
"
"1","[1]"
"1"," ""##INFO=<ID=IMP,Number=0,Type=Flag,Description=\""Imputed marker\"">"""
"1","
"
"1","[1]"
"1"," ""First 6 rows."""
"1","
"
"1","[1]"
"1"," "
"1","
"
"1","[1]"
"1"," ""***** Fixed section *****"""
"1","
"
"1","    "
"1"," CHROM"
"1"," POS       "
"1"," ID            "
"1"," REF"
"1"," ALT"
"1"," QUAL"
"1"," FILTER"
"1","
[1,]"
"1"," ""1A"" "
"1"," ""4499966"" "
"1"," ""S1A_4499966"" "
"1"," ""A"""
"1"," ""G"""
"1"," NA  "
"1"," ""PASS"""
"1","
[2,]"
"1"," ""1A"" "
"1"," ""7274964"" "
"1"," ""S1A_7274964"" "
"1"," ""T"""
"1"," ""C"""
"1"," NA  "
"1"," ""PASS"""
"1","
[3,]"
"1"," ""1A"" "
"1"," ""8574966"" "
"1"," ""S1A_8574966"" "
"1"," ""G"""
"1"," ""A"""
"1"," NA  "
"1"," ""PASS"""
"1","
[4,]"
"1"," ""1A"" "
"1"," ""9236507"" "
"1"," ""S1A_9236507"" "
"1"," ""C"""
"1"," ""G"""
"1"," NA  "
"1"," ""PASS"""
"1","
[5,]"
"1"," ""1A"" "
"1"," ""9236552"" "
"1"," ""S1A_9236552"" "
"1"," ""C"""
"1"," ""A"""
"1"," NA  "
"1"," ""PASS"""
"1","
[6,]"
"1"," ""1A"" "
"1"," ""10135900"""
"1"," ""S1A_10135900"""
"1"," ""G"""
"1"," ""A"""
"1"," NA  "
"1"," ""PASS"""
"1","
"
"1","[1]"
"1"," "
"1","
"
"1","[1]"
"1"," ""***** Genotype section *****"""
"1","
"
"1","    "
"1"," FORMAT"
"1"," OH13-10-45"
"1"," OH13-107-35"
"1"," OH13-111-17"
"1"," OH13-126-32"
"1"," OH13-138-25"
"1","
[1,]"
"1"," ""GT""  "
"1"," ""0|0""     "
"1"," ""0|0""      "
"1"," ""0|0""      "
"1"," ""0|0""      "
"1"," ""0|0""      "
"1","
[2,]"
"1"," ""GT""  "
"1"," ""1|1""     "
"1"," ""1|1""      "
"1"," ""1|1""      "
"1"," ""1|1""      "
"1"," ""1|1""      "
"1","
[3,]"
"1"," ""GT""  "
"1"," ""0|0""     "
"1"," ""0|0""      "
"1"," ""0|0""      "
"1"," ""0|0""      "
"1"," ""0|0""      "
"1","
[4,]"
"1"," ""GT""  "
"1"," ""0|0""     "
"1"," ""0|0""      "
"1"," ""0|0""      "
"1"," ""0|0""      "
"1"," ""0|0""      "
"1","
[5,]"
"1"," ""GT""  "
"1"," ""0|0""     "
"1"," ""0|0""      "
"1"," ""0|0""      "
"1"," ""0|0""      "
"1"," ""0|0""      "
"1","
[6,]"
"1"," ""GT""  "
"1"," ""0|0""     "
"1"," ""0|0""      "
"1"," ""0|0""      "
"1"," ""1|1""      "
"1"," ""1|1""      "
"1","
"
"1","[1]"
"1"," ""First 6 columns only."""
"1","
"
"1","[1]"
"1"," "
"1","
"
"1","[1]"
"1"," ""Unique GT formats:"""
"1","
"
"1","[1]"
"1"," ""GT"""
"1","
"
"1","[1]"
"1"," "
"1","
"
"0","x1 <- set.stats(x1)"
"2","Error in set.stats(x1) : x must be an object of class bed.matrix
"
